"status","landscape_id","p_index","p_mis","replicate_id","message"
NA,NA,NA,NA,NA,NA
NA,NA,NA,NA,NA,NA
NA,NA,NA,NA,NA,NA
NA,NA,NA,NA,NA,NA
NA,NA,NA,NA,NA,NA
"failed","landscape_03",2,0.00268408197856043,3,"cannot open the connection"
"failed","landscape_03",3,0.00513797160410322,1,"cannot open the connection"
"failed","landscape_03",3,0.00513797160410322,2,"cannot open the connection"
"failed","landscape_03",3,0.00513797160410322,3,"cannot open the connection"
"failed","landscape_03",4,0.00644100280404091,1,"cannot open the connection"
"failed","landscape_03",4,0.00644100280404091,2,"cannot open the connection"
"failed","landscape_03",4,0.00644100280404091,3,"cannot open the connection"
"failed","landscape_03",5,0.01,1,"cannot open the connection"
"failed","landscape_03",5,0.01,2,"cannot open the connection"
"failed","landscape_03",5,0.01,3,"cannot open the connection"
