"landscape_id","lambda","n_centroids","n_chromosomes","centroid_min","centroid_max","generation_seed"
"landscape_01",1.24550345705589,10,22,-10,20,20260713
"landscape_02",0.656371472520288,10,22,-10,20,20260714
"landscape_03",1.46511591176572,10,22,-10,20,20260715
"landscape_04",0.699777776691364,10,22,-10,20,20260716
"landscape_05",1.10788285778835,10,22,-10,20,20260717
"landscape_06",0.970681932233973,10,22,-10,20,20260718
"landscape_07",0.988470289126039,10,22,-10,20,20260719
"landscape_08",0.256913907353999,10,22,-10,20,20260720
"landscape_09",0.622448376974324,10,22,-10,20,20260721
"landscape_10",1.0051445197626,10,22,-10,20,20260722
"landscape_11",1.40870382284746,10,22,-10,20,20260723
"landscape_12",0.241474884360097,10,22,-10,20,20260724
"landscape_13",0.805732488184003,10,22,-10,20,20260725
"landscape_14",1.0300627613822,10,22,-10,20,20260726
"landscape_15",0.402670525205554,10,22,-10,20,20260727
"landscape_16",1.23801563228085,10,22,-10,20,20260728
"landscape_17",1.06139040486375,10,22,-10,20,20260729
"landscape_18",1.57493186394102,10,22,-10,20,20260730
"landscape_19",0.795735724978847,10,22,-10,20,20260731
"landscape_20",0.86919680161681,10,22,-10,20,20260732
"landscape_21",0.320249898702605,10,22,-10,20,20260733
"landscape_22",1.44850951231224,10,22,-10,20,20260734
"landscape_23",0.991988173654303,10,22,-10,20,20260735
"landscape_24",0.9611733075839,10,22,-10,20,20260736
"landscape_25",1.44593137384229,10,22,-10,20,20260737
"landscape_26",1.31572883009072,10,22,-10,20,20260738
"landscape_27",1.03539906020369,10,22,-10,20,20260739
"landscape_28",0.283564227512106,10,22,-10,20,20260740
"landscape_29",1.0404869060372,10,22,-10,20,20260741
"landscape_30",1.51953619293217,10,22,-10,20,20260742
"landscape_31",0.969751513974043,10,22,-10,20,20260743
"landscape_32",1.35608064574702,10,22,-10,20,20260744
"landscape_33",0.615990322751924,10,22,-10,20,20260745
"landscape_34",1.56415796253388,10,22,-10,20,20260746
"landscape_35",0.727024337196723,10,22,-10,20,20260747
"landscape_36",1.11594813254778,10,22,-10,20,20260748
"landscape_37",1.00008968653902,10,22,-10,20,20260749
"landscape_38",0.483312361584511,10,22,-10,20,20260750
"landscape_39",1.22628376974282,10,22,-10,20,20260751
"landscape_40",0.375329557760153,10,22,-10,20,20260752
"landscape_41",1.01566457310948,10,22,-10,20,20260753
"landscape_42",1.52479950963799,10,22,-10,20,20260754
"landscape_43",1.28632067511207,10,22,-10,20,20260755
"landscape_44",0.67280808180687,10,22,-10,20,20260756
"landscape_45",0.610925359901972,10,22,-10,20,20260757
"landscape_46",0.92191870731418,10,22,-10,20,20260758
"landscape_47",1.39372845833562,10,22,-10,20,20260759
"landscape_48",0.289118590004044,10,22,-10,20,20260760
"landscape_49",1.49370466202497,10,22,-10,20,20260761
"landscape_50",0.89145041917474,10,22,-10,20,20260762
"landscape_51",0.737953500734642,10,22,-10,20,20260763
"landscape_52",1.09226234942744,10,22,-10,20,20260764
"landscape_53",1.56601469644718,10,22,-10,20,20260765
"landscape_54",1.02361116914125,10,22,-10,20,20260766
"landscape_55",0.430440309830476,10,22,-10,20,20260767
"landscape_56",0.548802871266846,10,22,-10,20,20260768
"landscape_57",0.341290327843744,10,22,-10,20,20260769
"landscape_58",0.573244265053887,10,22,-10,20,20260770
"landscape_59",0.444957216772717,10,22,-10,20,20260771
"landscape_60",0.983253855670802,10,22,-10,20,20260772
"landscape_61",0.720072269584984,10,22,-10,20,20260773
"landscape_62",0.299646751272259,10,22,-10,20,20260774
"landscape_63",0.516000842609909,10,22,-10,20,20260775
"landscape_64",0.471185285613872,10,22,-10,20,20260776
"landscape_65",0.829485638035927,10,22,-10,20,20260777
"landscape_66",0.585999271768611,10,22,-10,20,20260778
"landscape_67",0.533114287664648,10,22,-10,20,20260779
"landscape_68",0.393758845101576,10,22,-10,20,20260780
"landscape_69",0.604338672269834,10,22,-10,20,20260781
"landscape_70",1.46789141737577,10,22,-10,20,20260782
"landscape_71",1.13444368224056,10,22,-10,20,20260783
"landscape_72",0.418305196833797,10,22,-10,20,20260784
"landscape_73",0.69343389634369,10,22,-10,20,20260785
"landscape_74",1.35181955709448,10,22,-10,20,20260786
"landscape_75",0.679527393236058,10,22,-10,20,20260787
"landscape_76",0.551200831898255,10,22,-10,20,20260788
"landscape_77",0.250117821793072,10,22,-10,20,20260789
"landscape_78",1.54466471810057,10,22,-10,20,20260790
"landscape_79",0.663779565920588,10,22,-10,20,20260791
"landscape_80",1.37067225863528,10,22,-10,20,20260792
"landscape_81",0.74731689545163,10,22,-10,20,20260793
"landscape_82",1.14156033070828,10,22,-10,20,20260794
"landscape_83",1.58277064443636,10,22,-10,20,20260795
"landscape_84",0.844994876357727,10,22,-10,20,20260796
"landscape_85",1.34591253175098,10,22,-10,20,20260797
"landscape_86",0.811079566468252,10,22,-10,20,20260798
"landscape_87",0.386299610583112,10,22,-10,20,20260799
"landscape_88",0.59319377011247,10,22,-10,20,20260800
"landscape_89",0.764220805989346,10,22,-10,20,20260801
"landscape_90",0.90067153311288,10,22,-10,20,20260802
"landscape_91",1.33845795596438,10,22,-10,20,20260803
"landscape_92",1.54326818769239,10,22,-10,20,20260804
"landscape_93",1.15292387414887,10,22,-10,20,20260805
"landscape_94",0.838628151775338,10,22,-10,20,20260806
"landscape_95",0.477754901832202,10,22,-10,20,20260807
"landscape_96",0.297223022936145,10,22,-10,20,20260808
"landscape_97",0.91394952642615,10,22,-10,20,20260809
"landscape_98",0.356524398775538,10,22,-10,20,20260810
"landscape_99",1.38303236447833,10,22,-10,20,20260811
"landscape_100",1.48712409482384,10,22,-10,20,20260812
"landscape_101",0.309039403006202,10,22,-10,20,20260813
"landscape_102",1.16306428321172,10,22,-10,20,20260814
"landscape_103",1.18079133816785,10,22,-10,20,20260815
"landscape_104",1.45911072812672,10,22,-10,20,20260816
"landscape_105",1.20359713221411,10,22,-10,20,20260817
"landscape_106",0.918199870730285,10,22,-10,20,20260818
"landscape_107",1.1796024384643,10,22,-10,20,20260819
"landscape_108",1.55489876382542,10,22,-10,20,20260820
"landscape_109",1.04720418037917,10,22,-10,20,20260821
"landscape_110",1.27387203682587,10,22,-10,20,20260822
"landscape_111",1.4110342644623,10,22,-10,20,20260823
"landscape_112",0.711715291570639,10,22,-10,20,20260824
"landscape_113",1.37673048438854,10,22,-10,20,20260825
"landscape_114",0.318303549177945,10,22,-10,20,20260826
"landscape_115",1.11859000219218,10,22,-10,20,20260827
"landscape_116",1.09758719116962,10,22,-10,20,20260828
"landscape_117",0.463235231728526,10,22,-10,20,20260829
"landscape_118",0.271858914023265,10,22,-10,20,20260830
"landscape_119",0.640040137741016,10,22,-10,20,20260831
"landscape_120",1.07671907290397,10,22,-10,20,20260832
"landscape_121",1.1264876215125,10,22,-10,20,20260833
"landscape_122",1.19755225035362,10,22,-10,20,20260834
"landscape_123",1.3062812521623,10,22,-10,20,20260835
"landscape_124",1.0591403408288,10,22,-10,20,20260836
"landscape_125",0.24685833896976,10,22,-10,20,20260837
"landscape_126",0.739651521666907,10,22,-10,20,20260838
"landscape_127",0.881603188878624,10,22,-10,20,20260839
"landscape_128",1.16845049522305,10,22,-10,20,20260840
"landscape_129",0.773716130650602,10,22,-10,20,20260841
"landscape_130",0.949769404389895,10,22,-10,20,20260842
"landscape_131",1.43039643749688,10,22,-10,20,20260843
"landscape_132",0.211701320192311,10,22,-10,20,20260844
"landscape_133",1.06944123758748,10,22,-10,20,20260845
"landscape_134",0.584535290038213,10,22,-10,20,20260846
"landscape_135",1.14644608946214,10,22,-10,20,20260847
"landscape_136",1.2956457631758,10,22,-10,20,20260848
"landscape_137",0.36330878802645,10,22,-10,20,20260849
"landscape_138",0.709207206387539,10,22,-10,20,20260850
"landscape_139",1.32201557971281,10,22,-10,20,20260851
"landscape_140",0.568203027544077,10,22,-10,20,20260852
"landscape_141",0.200000834722538,10,22,-10,20,20260853
"landscape_142",1.0820070987728,10,22,-10,20,20260854
"landscape_143",1.43895645746496,10,22,-10,20,20260855
"landscape_144",1.50746400964051,10,22,-10,20,20260856
"landscape_145",0.855118070351658,10,22,-10,20,20260857
"landscape_146",0.86251023763488,10,22,-10,20,20260858
"landscape_147",0.497843330569565,10,22,-10,20,20260859
"landscape_148",0.831510528888786,10,22,-10,20,20260860
"landscape_149",0.371374367540004,10,22,-10,20,20260861
"landscape_150",0.436585610273527,10,22,-10,20,20260862
"landscape_151",0.332840326422593,10,22,-10,20,20260863
"landscape_152",1.19173604877037,10,22,-10,20,20260864
"landscape_153",0.339301869033137,10,22,-10,20,20260865
"landscape_154",1.53022346291179,10,22,-10,20,20260866
"landscape_155",0.687809495702619,10,22,-10,20,20260867
"landscape_156",0.782727495368104,10,22,-10,20,20260868
"landscape_157",0.526084747555433,10,22,-10,20,20260869
"landscape_158",0.938164417855442,10,22,-10,20,20260870
"landscape_159",0.489194312121021,10,22,-10,20,20260871
"landscape_160",0.650755071338033,10,22,-10,20,20260872
"landscape_161",0.893116198425414,10,22,-10,20,20260873
"landscape_162",0.82153384156595,10,22,-10,20,20260874
"landscape_163",0.409209002614953,10,22,-10,20,20260875
"landscape_164",1.50042835018737,10,22,-10,20,20260876
"landscape_165",1.21873984266655,10,22,-10,20,20260877
"landscape_166",0.56303477154579,10,22,-10,20,20260878
"landscape_167",0.777235474048648,10,22,-10,20,20260879
"landscape_168",1.59169547034381,10,22,-10,20,20260880
"landscape_169",0.233755423026392,10,22,-10,20,20260881
"landscape_170",0.509057261370588,10,22,-10,20,20260882
"landscape_171",0.414867794035468,10,22,-10,20,20260883
"landscape_172",1.2843024077781,10,22,-10,20,20260884
"landscape_173",1.26331966172135,10,22,-10,20,20260885
"landscape_174",0.630127375129843,10,22,-10,20,20260886
"landscape_175",1.59435821606056,10,22,-10,20,20260887
"landscape_176",0.348726056530373,10,22,-10,20,20260888
"landscape_177",0.641520217088982,10,22,-10,20,20260889
"landscape_178",0.792672513054684,10,22,-10,20,20260890
"landscape_179",1.33144036258291,10,22,-10,20,20260891
"landscape_180",1.5132827204715,10,22,-10,20,20260892
"landscape_181",1.47667569138878,10,22,-10,20,20260893
"landscape_182",0.876168334993068,10,22,-10,20,20260894
"landscape_183",0.506863138037501,10,22,-10,20,20260895
"landscape_184",1.36411292880541,10,22,-10,20,20260896
"landscape_185",1.23198595492565,10,22,-10,20,20260897
"landscape_186",0.53994150515832,10,22,-10,20,20260898
"landscape_187",1.30480234570382,10,22,-10,20,20260899
"landscape_188",0.754233630084898,10,22,-10,20,20260900
"landscape_189",1.3978519065096,10,22,-10,20,20260901
"landscape_190",1.26715990516311,10,22,-10,20,20260902
"landscape_191",1.21139227060578,10,22,-10,20,20260903
"landscape_192",1.4239152846192,10,22,-10,20,20260904
"landscape_193",0.45356883623777,10,22,-10,20,20260905
"landscape_194",0.221774247579277,10,22,-10,20,20260906
"landscape_195",0.934442603039788,10,22,-10,20,20260907
"landscape_196",0.946263381832512,10,22,-10,20,20260908
"landscape_197",1.25150430048909,10,22,-10,20,20260909
"landscape_198",0.220349516247865,10,22,-10,20,20260910
"landscape_199",0.264770691308426,10,22,-10,20,20260911
"landscape_200",0.449575482378947,10,22,-10,20,20260912
